id,first_name,last_name,gender,savings,balance,country,age,year
1,Niki,Lascelles,Female,200933.2,97553.67,United States,50,1992
2,Olia,Whittlesea,Female,237853.39,75836.25,United States,48,2004
3,Kandace,Zaniolini,Male,113851.56,66349.3,United States,23,1995
4,Cullen,Gasnell,Male,336735.92,20737.12,United States,63,2003
5,Kristofor,Tiltman,Female,195562.08,66770.52,United States,55,1995
6,Obadias,Scholig,Male,379970.52,10091.57,United States,64,2018
7,Christie,Blancowe,Female,142666.04,70540.85,United States,59,2006
8,Cicely,Breslin,Female,15978.42,68476.98,United States,69,1998
9,Averell,Mitchiner,Male,271355.41,82620.79,United States,60,2017
10,Esme,Yakob,Female,279087.64,56366.72,Australia,25,2015
11,Colet,Dungay,Male,127686.89,25500.49,United States,40,1994
12,Romy,Bawdon,Female,242591.69,59606.35,United States,30,1995
13,Elton,Janaway,Female,296417.78,62805.91,United States,44,2017
14,Ethel,De Bruijn,Female,392058.35,94698.7,United States,42,2015
15,Cassandry,Strang,Male,99563.29,19334.98,United States,69,2019
16,Felicia,Caulfield,Male,375524.68,16242.56,United States,59,1994
17,Inez,Gumery,Female,260935.82,23877.92,United States,34,2004
18,Constancy,Manktelow,Female,11781.14,69674.27,United States,49,2009
19,Gwenni,Marquot,Female,26381.62,55133.79,United States,41,1996
20,Mariam,Brunsden,Female,31725.97,16438.48,United Kingdom,26,2016
21,Waly,Brereton,Male,171526.78,99220.78,United States,20,2017
22,Ulrick,Goodding,Male,153802.33,39563.08,United States,55,2018
23,Aveline,Money,Male,390347.52,86552.46,United States,68,2002
24,Prince,Strutz,Male,365594.07,72195.53,United States,30,2002
25,Gerta,McBryde,Female,43243.81,17344.45,United Kingdom,57,2007
26,Rozanna,Collis,Male,123992.84,93308.28,United States,46,1991
27,Cassie,Eskrigge,Female,287000.97,91342.66,Australia,30,1996
28,Eddy,Bassingden,Female,48578.96,53173.84,United States,31,1999
29,Veradis,Yabsley,Male,186814.84,90508.97,United States,66,2008
30,Ros,Antonomolii,Female,193191.65,74001.2,United States,53,2010
31,Justus,Allder,Female,318557.51,84880.67,United Kingdom,41,1992
32,Josiah,Geockle,Male,108780.61,68393.47,United States,52,2004
33,Denice,Dunster,Male,354153.87,76544.79,United Kingdom,47,2006
34,Neill,Eakly,Female,245811.0,60981.34,United States,27,2012
35,Dorise,Fidell,Female,348057.51,75598.1,United States,29,2018
36,Jeramey,Pidon,Female,373337.37,63979.34,United States,65,2015
37,Vinny,Evason,Female,162931.58,39108.05,United States,56,2000
38,Florence,Mendenhall,Female,260469.0,77972.26,United States,35,1999
39,Amelia,Ouchterlony,Male,90150.18,14598.57,United States,24,2009
40,Lenka,Buddle,Male,136857.5,70835.61,United States,22,2001
41,Claudine,Shergill,Female,63570.63,94466.5,United States,58,1998
42,Morena,Haselwood,Male,173381.83,20480.63,United States,59,1994
43,Rania,Ashtonhurst,Male,114095.66,15666.48,United Kingdom,67,2015
44,Yard,Minty,Female,184611.99,48214.06,United States,59,1993
45,Ricca,MacAllan,Male,19971.57,25691.8,United States,18,2020
46,Bev,Allso,Female,108752.35,79974.42,United States,36,2006
47,Rutger,Thoumasson,Male,227996.14,52076.46,United Kingdom,54,1990
48,Karrie,Fidelus,Male,233688.35,92889.26,United States,64,1999
49,Marjy,Dracksford,Male,73654.48,60488.71,United States,32,2007
50,Lira,Jersh,Male,289760.13,82639.85,United States,46,1994
51,Addy,Roget,Male,319554.85,59639.1,United States,67,2019
52,Rhianna,Blackman,Male,80306.57,90982.99,United States,34,1994
53,Roberta,Tunney,Male,27149.66,29137.07,United States,59,2013
54,Keith,Boarder,Male,136840.58,89139.53,United States,18,2000
55,Papageno,McRill,Female,209557.34,43313.8,United Kingdom,69,2004
56,Goldarina,Gimenez,Female,234129.6,74747.34,United States,63,1995
57,Brannon,Float,Female,63030.55,95955.73,United Kingdom,58,2018
58,Wandis,Pellitt,Female,23132.42,35145.5,United States,58,2019
59,Aubrey,Ingledow,Female,269846.87,80936.17,United States,66,2004
60,Marj,Dennistoun,Male,171391.08,20248.72,United States,20,2007
61,Jody,Hulks,Female,385536.44,56410.53,United States,65,1997
62,Perice,Marusik,Male,129774.13,22621.36,United States,29,2020
63,Francesco,Gabey,Female,150142.17,68553.75,United States,52,2005
64,Nonie,Mapledoore,Male,126004.0,93486.15,United Kingdom,30,1991
65,Avram,Joanaud,Female,174219.77,49077.64,United States,45,2013
66,Thaddus,Dhillon,Female,396274.27,68147.44,United States,54,2018
67,Romona,MacGrath,Male,366999.83,45538.43,United States,60,2007
68,Esme,Glowacha,Female,136381.25,50363.11,United States,33,1993
69,Koren,Grundey,Female,367705.1,42071.23,United States,28,1991
70,Hubert,Oleszkiewicz,Male,316271.86,79402.73,United States,33,1991
71,Jayme,Hamly,Male,194056.59,60249.89,United States,40,2003
72,Ramsay,Trayford,Female,239087.36,94187.47,United States,38,2015
73,Ericka,Readwood,Female,12861.94,74734.71,United States,29,2002
74,Revkah,Symson,Male,100741.64,76117.56,United States,66,1991
75,Jamey,Botterill,Male,179413.89,27128.56,United States,45,2011
76,Ximenes,Norcross,Female,306082.31,56661.12,Australia,70,1991
77,Constancy,Ferbrache,Female,296885.87,49936.71,United States,46,2014
78,Haley,Alvarado,Male,85656.12,38651.67,United States,40,1996
79,Hedi,Wickett,Female,76065.37,19007.6,United States,56,1999
80,Sharia,Lautie,Male,102439.08,60576.91,United States,48,2012
81,Caril,Mounfield,Male,397438.0,51092.99,United States,45,2000
82,Ibbie,Karczinski,Female,175254.45,67052.94,United States,21,1995
83,Lela,Keener,Male,84447.94,30366.77,United States,37,1990
84,Etienne,Tett,Male,251030.53,83167.06,Australia,54,2016
85,Brien,Meadmore,Female,305285.48,55549.18,United States,40,2013
86,Paquito,Skiplorne,Male,241065.37,30458.13,United Kingdom,38,2009
87,Corbie,Vittet,Female,195481.8,54653.76,United States,56,2013
88,Herculie,Smye,Male,293854.53,25931.7,United States,28,1991
89,Zonnya,Carloni,Male,199120.53,64306.85,United States,68,1996
90,Davita,Block,Female,24179.74,42053.12,United States,18,1999
91,Melisse,Lutwidge,Male,229952.81,93197.58,United States,60,2019
92,Annabell,Yushin,Male,122809.92,41828.94,United States,43,1993
93,Cleavland,Hunnaball,Female,81722.73,40768.26,United States,43,2011
94,Franciskus,Rosbrough,Female,98464.23,77361.8,United States,42,1994
95,Aldwin,Rampling,Female,294217.5,51936.28,United States,69,2018
96,Katrine,Perton,Male,151049.72,40267.41,United States,29,2006
97,Sibella,Nobles,Male,342003.77,41341.64,United States,25,1999
98,Evered,Veldman,Male,272640.58,50742.91,United States,30,1999
99,Ilene,Weyland,Female,110675.97,42806.48,United States,18,2011
100,Avigdor,Baldassi,Male,99880.31,89956.0,United Kingdom,51,1990
101,Aurelia,Scheu,Male,171468.18,98879.96,United Kingdom,25,1991
102,Fabe,Harbard,Female,131078.61,37944.27,United States,55,1995
103,Rancell,Tyght,Male,376977.93,36602.53,United Kingdom,51,1995
104,Ceil,Gethen,Male,297002.57,22911.8,United States,65,1991
105,Robbyn,Duiged,Female,399139.12,51516.89,United States,56,2006
106,Hali,Kedge,Male,188792.49,22827.76,United States,56,2004
107,Delphinia,Cunnington,Male,179407.64,53015.28,United States,32,1991
108,Arlyne,Kelcher,Female,344815.37,12347.85,United States,23,2000
109,Sayers,Craigie,Male,128751.89,56359.32,United States,39,2016
110,Greta,Danis,Female,143689.48,30174.78,United States,20,2012
111,Darcy,Midden,Male,46909.1,20701.94,United States,68,2015
112,Isabelle,Tregea,Male,179330.66,61406.36,United States,24,2015
113,Poppy,Frain,Female,99121.29,58265.68,United States,35,1992
114,Archambault,Clague,Female,214875.31,49193.35,United States,26,2005
115,Abrahan,Copyn,Male,23894.41,70933.4,United States,46,2000
116,Keary,MacTimpany,Female,137741.71,53173.9,United States,44,1997
117,Walden,Clapison,Female,304112.11,63496.46,United Kingdom,37,1995
118,Niven,Bodd,Female,301294.49,29088.11,United States,32,2011
119,Binnie,Tomasini,Female,130132.39,60555.64,United States,34,1997
120,Hirsch,Gorthy,Female,124117.76,35888.68,United States,41,2011
121,Sephira,Mayman,Male,77757.24,86409.78,United States,25,2003
122,Mollie,Gaskill,Male,165859.43,56475.1,United States,35,2014
123,Saxe,Mayward,Female,242294.22,20676.83,United States,31,1990
124,Dur,Shillito,Male,317387.58,54501.86,United States,67,2018
125,Nikolaos,Batte,Male,371408.32,70468.0,United States,24,1990
126,Isabel,Balharry,Male,170114.4,61657.47,United States,47,2000
127,Elberta,Dodson,Male,89045.55,51988.22,United States,27,2006
128,Eddy,MacIlriach,Male,103623.67,56336.34,United States,25,1991
129,Quentin,Slator,Female,324165.59,87171.57,United States,19,1991
130,Gui,Greatbach,Female,43002.13,25649.63,United States,19,2000
131,Galven,Greson,Female,128670.06,56413.39,United States,47,2003
132,Bryn,Koene,Male,346561.18,75551.98,United States,55,2018
133,Louise,Edge,Female,115347.33,68972.02,United States,26,2012
134,Bernhard,Fawthorpe,Female,70170.07,51772.93,United States,39,2009
135,Eddy,Neljes,Male,87522.58,11281.96,United States,67,2013
136,Beverlie,Skarr,Male,310218.45,90027.63,United States,30,2010
137,Arny,Suthren,Male,321544.74,74948.6,United States,53,2016
138,Celine,Volkers,Male,251696.01,27324.97,United States,28,2020
139,Hermy,Standage,Male,102060.29,25377.09,United States,41,2019
140,Thomasa,Burtwistle,Male,86854.21,68989.4,United States,37,2001
141,Mei,Bradie,Male,69316.29,89987.4,United States,54,2007
142,Jordan,Wison,Female,182984.05,99870.48,United States,18,2020
143,Ninette,Tiler,Male,220331.65,88101.25,United States,61,1992
144,Margit,Ind,Female,323257.87,29057.48,United States,59,1991
145,Theadora,Carlens,Female,241761.03,95554.81,United States,44,2015
146,Olwen,Griswood,Male,150262.15,27791.06,United Kingdom,23,2014
147,Tadio,Hayden,Male,384144.76,50629.47,United States,49,2011
148,Fanchette,Fursland,Male,244822.72,37277.5,United States,19,1997
149,Britteny,Godball,Female,171294.82,59493.48,United States,67,2017
150,Reuven,Ligoe,Male,159452.53,18479.84,United States,38,2014
151,Ezmeralda,Schout,Female,214726.26,64227.95,United States,26,2004
152,Johny,Yakovlev,Male,399156.86,56107.76,United States,48,2005
153,Margette,Botwood,Male,363122.98,64264.75,United States,35,2015
154,Marsiella,Barefoot,Male,397625.36,22543.18,United States,49,2020
155,Vonnie,Hufton,Female,125580.6,50558.39,United States,55,2019
156,Starla,Timlett,Male,276108.36,59726.6,United States,57,2001
157,Lonni,Welfare,Female,131948.64,67962.63,United States,64,2002
158,Amii,Wigfield,Female,97137.9,55056.48,United States,50,2014
159,Emmaline,Allso,Male,136225.88,54325.17,United Kingdom,47,2017
160,James,Masterman,Male,38688.76,53931.66,United States,30,1997
161,Cristal,Pariso,Male,368349.87,84584.94,United States,48,2005
162,Dunn,Rackam,Female,346915.37,70854.0,United States,38,2010
163,Shanta,Hallybone,Male,125106.37,37671.5,United States,23,2005
164,Xena,Chape,Female,314630.08,79939.41,United States,69,2015
165,Mathew,Nowell,Male,205468.37,12634.23,United States,51,2005
166,Riordan,Shortan,Female,250833.47,97151.46,United States,39,2003
167,Kandy,Lawful,Male,142200.43,12817.25,United States,64,1995
168,Parrnell,Lonsbrough,Female,37799.24,97841.99,United States,42,2000
169,Pryce,McRae,Male,183152.54,19863.81,United States,64,2004
170,Wilone,Shearstone,Male,229286.22,43540.88,United States,25,2018
171,Katerina,Kempstone,Female,385452.68,42127.07,United States,67,1994
172,Raynor,Burnyeat,Female,369610.37,13015.63,United States,59,2002
173,Harriet,Toland,Male,73373.59,11675.12,United States,34,1991
174,Hale,Curbishley,Female,84391.01,83330.56,United Kingdom,30,1992
175,Brigg,Till,Male,207647.25,59431.96,United States,34,2014
176,Rabbi,Mangon,Male,290706.23,52774.9,United States,65,1993
177,Carlotta,Bramble,Male,151478.28,31312.67,United States,29,1999
178,Flory,Bullman,Female,288928.87,31989.83,United States,25,2016
179,Stan,Diemer,Female,144354.33,36809.96,United States,67,2001
180,Estelle,Yarwood,Female,226455.2,88772.01,United Kingdom,49,2020
181,Ives,Hawkswood,Male,34567.48,79385.2,United Kingdom,32,2006
182,Domingo,Jeste,Female,76878.77,68408.26,United States,41,1993
183,Novelia,Senogles,Male,234059.68,92453.08,United Kingdom,57,2006
184,Berny,O'Kuddyhy,Male,345469.41,22425.81,United States,32,2013
185,Walton,Bister,Female,109843.24,16919.42,United States,50,2018
186,Daven,Szymanek,Male,353692.42,76623.35,United States,34,2018
187,Legra,Houchin,Female,216538.05,55247.02,United States,32,2002
188,Lari,Kharchinski,Female,310427.81,21042.48,Australia,59,2020
189,Valry,Jeans,Male,21020.38,71123.01,United States,64,2011
190,Beniamino,Husselbee,Male,259354.59,29540.36,United States,40,1996
191,Morry,Stearns,Male,36855.79,20874.89,United States,22,2004
192,Joann,Grushin,Female,50907.09,93276.0,United States,21,2006
193,Ruy,Merrett,Male,362964.59,71050.42,United States,35,1996
194,Cindie,Finkle,Male,152113.91,14259.78,United Kingdom,47,1996
195,Rafa,Ealles,Female,44931.24,89313.33,United States,33,2009
196,Avery,Shelp,Female,194259.96,47449.33,United States,55,2009
197,Raviv,Maffin,Male,135103.88,31241.18,United States,33,2020
198,Rafe,Gilphillan,Female,263845.15,13114.77,United States,63,2005
199,Kellen,Dumbreck,Male,39146.87,85029.31,United States,68,1999
200,Kalila,Coulthard,Male,311290.81,36388.37,United States,37,2015
201,Katlin,Ludmann,Male,220400.52,26947.12,United States,52,1999
202,Margette,Bentall,Female,152818.68,28897.59,United States,55,2004
203,Bernhard,Gouldbourn,Male,155004.0,70617.89,United States,38,2014
204,Petra,Blamey,Female,29933.7,68518.77,United States,45,2001
205,Whit,Gleadhall,Female,119946.03,59269.64,United States,64,1993
206,Alec,Perceval,Female,173345.96,88956.54,United States,38,2016
207,Francois,Leverington,Female,364813.13,46251.5,United States,28,2015
208,Tommie,Limmer,Female,372658.26,80655.17,United States,70,2009
209,Clayborn,Clousley,Female,337594.08,65127.29,United Kingdom,25,2014
210,Amerigo,Worsnip,Male,101625.43,93666.27,United States,64,2000
211,Amber,Langmead,Male,301561.62,67854.56,United States,35,2012
212,Oona,Hynard,Female,269405.24,10597.45,United States,64,2004
213,Nealon,Smoth,Female,25607.52,84661.66,United States,24,1992
214,Kippy,Hopkins,Male,332854.02,28689.96,United Kingdom,18,2013
215,Ernestus,Katz,Male,371916.0,98529.88,United States,62,2009
216,Etty,Brine,Female,379513.42,16418.45,United States,30,1990
217,Wheeler,Connerry,Male,36239.38,54521.11,United Kingdom,38,2009
218,Clem,Scoon,Female,130418.12,80817.22,United Kingdom,60,2004
219,Leroy,Rudyard,Female,375786.88,25532.45,United States,51,2003
220,Shalne,Cruces,Female,345288.93,33563.53,United States,64,2012
221,Jennica,Radleigh,Male,155530.64,44229.8,United States,41,2015
222,Lazarus,Craggs,Female,357164.0,17522.1,United States,57,2016
223,Norman,Twohig,Male,282905.28,47817.42,United States,50,1990
224,Olwen,Donnett,Female,53439.44,91762.64,United States,41,2000
225,Orelle,Maidment,Male,280496.53,47863.25,United States,46,2004
226,Neda,Kubiczek,Female,391873.36,46011.4,United Kingdom,18,2015
227,Tonye,Klaaassen,Female,273429.22,24265.45,United States,33,1999
228,Sharona,O'Duane,Male,257106.04,24938.79,United States,51,2001
229,Amble,Josipovitz,Male,257107.3,44889.6,United States,26,2010
230,Stillman,Buckler,Female,261566.38,82770.82,United States,63,2016
231,Eb,Jales,Female,290322.03,40733.18,United States,49,2007
232,Ethelind,Franses,Male,279431.52,31665.21,United States,63,2005
233,Ted,Normanville,Male,255318.44,13887.82,United States,31,2014
234,Reine,Brittin,Male,359822.91,66024.44,United States,53,2012
235,Odille,Imison,Female,142158.63,63074.37,United States,53,1994
236,Chance,Werndley,Male,363307.02,78321.71,United States,43,2000
237,Averill,Deary,Male,245250.48,11033.24,United Kingdom,35,1995
238,Enrico,Vignal,Male,287095.23,48943.84,United States,68,1991
239,Amber,O'Cosgra,Female,333950.46,24990.22,United States,65,1998
240,Merry,Crease,Female,397057.16,65906.61,United States,26,1990
241,Janelle,Mougenel,Female,319027.62,79230.38,United States,56,2003
242,Cleveland,Winkett,Female,287346.0,95877.06,United States,49,2006
243,Tamra,Swan,Female,240252.68,88474.75,United States,27,2012
244,Demetrius,Marcam,Male,305390.6,43163.75,United States,25,2014
245,Demetris,Avard,Male,52808.41,67337.17,United States,22,2019
246,Maddie,Hourican,Female,156957.58,95459.88,Australia,34,2016
247,Winni,Featherston,Female,232894.04,51697.25,United States,55,2011
248,Maynard,Dawe,Female,347935.74,33207.05,United States,62,1995
249,Shelley,Duiged,Female,31942.57,63057.78,United States,26,2005
250,Martino,Skyram,Female,82311.12,60554.65,United States,46,1993
251,Lorrayne,Kleehuhler,Male,374493.94,56070.26,United States,44,2020
252,Marion,O'Giany,Male,77337.41,14060.79,United States,30,2019
253,Talya,Brandle,Male,280560.58,92476.91,United States,29,1998
254,Maynard,Gounet,Female,240252.85,97702.43,United States,31,1993
255,Sylas,Catlow,Female,359827.82,95256.98,United States,67,2015
256,Celestyna,Skeates,Female,88396.84,16049.0,United States,20,2012
257,Cyb,Meneghelli,Male,18461.67,29370.33,United States,69,1998
258,Nikos,Selly,Female,63743.46,49640.26,United States,60,2004
259,Reade,Glasgow,Male,199690.95,88276.22,United States,66,2008
260,Coriss,Baversor,Male,336632.37,29579.63,United States,46,1993
261,Jodi,Muslim,Male,242468.79,11394.07,United States,62,2006
262,Joelly,Yitzhakof,Female,216345.4,32558.62,United States,66,1998
263,Alvina,Ffoulkes,Male,255333.04,63986.12,United States,38,1995
264,Sherwin,Loades,Female,301310.23,47118.36,United States,42,2008
265,Owen,Casetta,Male,167453.52,99406.65,United States,52,2012
266,Tades,Kilcullen,Female,80214.84,59855.54,United States,25,2013
267,Kayley,Ridout,Female,148374.36,78861.58,United States,66,2000
268,Urbano,Seargeant,Female,64153.73,14332.19,United States,26,1995
269,Johnny,Roofe,Female,348684.3,46373.75,United States,67,1994
270,Viviana,Deaville,Male,184412.82,60729.35,United States,34,2013
271,Margy,Camilli,Female,189936.96,79398.93,United States,70,1994
272,Lesley,Godehard.sf,Female,33428.48,44397.41,United Kingdom,62,2001
273,Finlay,Maycock,Male,378690.18,77170.87,United States,21,2010
274,Griff,Heighway,Male,20578.76,36891.13,United States,55,2009
275,Avram,Durrell,Male,197633.75,22411.6,United States,48,2019
276,Clark,Whife,Female,306781.93,70260.77,United States,28,2014
277,Yule,Storrier,Female,83361.78,96025.11,United States,21,2006
278,Emelita,Cuff,Male,213793.49,79642.45,United States,19,2011
279,Rowena,Kitchenham,Female,123542.05,72234.05,United States,31,2020
280,Ferdy,O'Halligan,Male,259148.21,13628.26,United States,50,2009
281,Ripley,Rowney,Female,37175.38,64259.79,United States,18,2000
282,Ardine,Clayill,Male,324562.42,15347.04,United States,41,2006
283,Gaile,Rayworth,Female,97099.46,32273.09,United States,59,1991
284,Christean,Wimpey,Male,290113.05,36249.08,United States,65,2014
285,Gage,Stickells,Male,139389.17,31372.07,United States,63,2016
286,Keene,Trye,Male,312613.13,98070.18,United States,54,1995
287,Jed,Pedley,Male,255743.53,25771.52,United States,30,2016
288,Elfreda,Lesek,Male,181401.78,97023.62,United States,61,2010
289,Frankie,Doggett,Male,34465.66,96448.14,United States,19,1991
290,Kort,Marushak,Male,315196.57,52652.61,United States,39,2000
291,Doralynne,Euplate,Male,176014.02,70210.98,United States,53,2000
292,Crawford,Ashford,Male,188422.64,27797.33,United States,69,2018
293,Delphinia,Witherby,Female,373673.33,16278.61,United States,58,2017
294,Rosamond,Mott,Male,231729.74,83133.72,United States,24,1993
295,Rog,Corringham,Male,36724.46,84584.3,United States,24,2011
296,Sharity,Circuit,Female,146713.76,28222.82,United States,28,2000
297,Hope,Gilyatt,Female,397398.57,45405.54,United States,57,2018
298,Celie,Grigs,Male,214755.77,57694.27,United States,32,1990
299,Dani,McIlwain,Male,224846.98,10335.35,United States,52,2011
300,Petronia,Benthall,Female,367271.85,57477.37,United States,69,1998
301,Humbert,Malinson,Male,238154.08,61495.25,United States,58,2005
302,Biron,Chastney,Female,93560.98,76736.84,United States,69,2012
303,Cecilio,Minico,Male,138221.94,38632.56,United States,37,2015
304,Adham,Geggie,Male,62270.64,55965.29,United States,62,1998
305,Aila,Swindells,Male,310374.97,48085.98,United Kingdom,56,2017
306,Cyrille,Schuler,Female,303544.57,46074.18,United States,43,1998
307,Elenore,Bowich,Male,298510.27,74392.45,United States,42,1991
308,Duke,Rapport,Female,49059.34,46705.29,United States,40,1992
309,Moise,Demead,Male,167074.55,52378.13,United States,58,2007
310,Theodora,Pattillo,Female,168618.58,82712.57,United States,56,2011
311,Vale,Dederick,Male,348793.64,99166.45,United States,52,2000
312,Creigh,Hinchon,Male,246510.78,79593.34,United States,27,2014
313,Clevie,Surtees,Female,325726.27,40097.77,United States,55,1991
314,Hube,Hefner,Female,342470.85,56250.96,United States,31,2008
315,Ricky,Chucks,Female,26145.04,44870.95,United States,44,1994
316,Clifford,Baldrick,Male,324484.75,39568.11,United States,51,2020
317,Rosina,Valance,Female,338312.17,24779.69,United States,22,2006
318,Bil,Fullerton,Female,36348.37,49842.24,United States,46,2017
319,Siana,Tookill,Female,169639.86,38964.92,United States,41,1994
320,Wyndham,Akitt,Female,50140.2,75934.93,United States,40,1991
321,Wallis,McKenzie,Male,196910.0,89347.01,United States,63,2012
322,Philbert,Barnwille,Male,86868.47,25570.06,United States,64,2010
323,Petra,Hinken,Male,76210.4,86700.62,United States,47,1992
324,Sarajane,Gimlet,Male,42134.74,50033.45,United States,46,2004
325,Trey,Wheatman,Male,138590.65,56483.71,United States,32,2000
326,Jillene,Beckhouse,Female,385023.75,18146.18,United States,45,2002
327,Babara,Rudsdell,Male,122215.56,29348.73,United Kingdom,45,2011
328,Garnet,Prisley,Female,197589.94,85002.77,United States,44,1994
329,Yvette,Ledster,Female,50811.57,60706.93,United States,38,1998
330,Jayne,Abbis,Male,274703.05,41768.53,United States,29,2009
331,Goldi,Burgiss,Male,19413.96,65275.97,United States,31,1995
332,Jermaine,Veljes,Male,379514.37,60204.3,United States,34,1996
333,Farlee,McGonigal,Female,292121.84,53387.23,United States,49,2019
334,Lorianna,Matuszinski,Male,70029.26,54831.32,United States,58,2013
335,Tarah,Vail,Female,75559.3,19674.87,United States,36,2015
336,Mandel,Joyner,Male,51150.28,77173.62,United States,61,2002
337,Nelly,Challiner,Male,97965.87,54524.58,United States,58,1991
338,Linnea,Suett,Male,395382.0,35972.11,United States,25,1994
339,Marian,Treneman,Female,379478.15,14804.78,United States,65,1990
340,Willie,Tollemache,Male,222255.78,22625.27,United States,62,2000
341,Selig,Jochanany,Female,216092.14,90196.15,United States,23,2006
342,Brigham,Cornier,Male,91864.82,28347.55,United States,27,1992
343,Jehu,Pagen,Male,69983.55,16259.33,Australia,44,1998
344,Linus,Scherme,Female,258081.45,57328.76,United States,28,2007
345,Anica,Twitty,Female,219779.26,78848.75,United States,24,2020
346,Tamma,Pallis,Female,272048.0,54434.66,United States,19,2006
347,Joelynn,Wank,Female,335283.05,95621.55,United States,56,2010
348,Padgett,Ewols,Male,232075.82,29479.43,Australia,36,2004
349,Floyd,Beamont,Female,122630.8,44987.22,United States,66,1990
350,Alleen,Goodge,Male,175918.28,86039.01,United States,47,2005
351,Arluene,Sauvan,Male,50892.49,59425.31,United States,42,2017
352,Glennis,Zecchetti,Female,108280.22,73694.68,United States,27,2005
353,Erastus,Aggis,Female,234653.94,72679.83,United States,24,1999
354,Thomasina,Battson,Female,308298.93,70018.91,United States,60,1997
355,Riki,Sexty,Male,86863.41,54810.89,Australia,39,1997
356,Waylen,Please,Male,236253.62,67995.04,United States,41,2012
357,Bernard,Jozefczak,Female,305820.37,34729.11,United States,41,2014
358,Irene,Andrich,Male,22220.79,75751.5,United States,39,1993
359,Tammy,Bulcock,Female,388570.29,38913.93,United States,53,2011
360,Carroll,MacGraith,Female,245726.83,60863.38,United States,24,1999
361,Sammy,Westman,Female,283372.05,21439.6,United States,31,2013
362,Charlotte,Sheridan,Male,195669.19,73439.43,United States,44,2017
363,Judas,Wigley,Female,116975.51,76287.46,United States,57,2011
364,Gene,Lownes,Female,390279.62,30608.8,United States,40,2007
365,Krystalle,Shotboult,Male,141055.37,64754.37,United States,18,2011
366,Yovonnda,Shoebridge,Male,99202.56,72980.65,United States,36,2019
367,Lavena,Toderini,Female,259064.89,28255.54,United States,64,2009
368,Shaylynn,Ramshay,Female,330541.84,83140.3,United Kingdom,57,2012
369,Antonie,Landells,Female,161991.36,18737.03,United States,33,2009
370,Iorgo,Gander,Female,318106.12,16914.28,United States,42,2011
371,Hart,Gillett,Female,345274.99,98041.12,United States,62,2017
372,Terese,Mableson,Female,120016.57,89382.49,Australia,25,2005
373,Maurizio,Ellissen,Female,54072.83,63957.72,United States,38,2020
374,Basil,Boag,Male,186779.3,15317.1,United States,41,2010
375,Silvester,Farge,Female,352371.96,23770.73,United States,39,1992
376,Garnet,Clew,Male,244802.53,48783.55,United Kingdom,44,2015
377,Tildie,Hargraves,Female,79651.3,84642.4,United States,54,2019
378,Sherm,Gleave,Male,82678.14,51213.45,United States,62,1993
379,Magda,McGuff,Female,315820.19,71214.14,United States,52,2011
380,Ced,Gayler,Male,64616.76,23929.49,United States,39,1994
381,Gabbey,Castan,Male,115852.45,55054.57,United States,57,2010
382,Drucie,MacCourt,Female,78509.22,38133.85,United Kingdom,27,1998
383,Gunar,Tripney,Female,294867.29,19778.74,United States,38,2003
384,Isahella,Burdin,Female,27221.75,55852.59,United States,24,1993
385,Malinda,Peffer,Male,106510.94,37091.48,United States,64,2016
386,Hubert,Workman,Male,189348.43,22355.62,United States,53,2010
387,Claiborn,Binley,Female,357377.54,14625.7,United States,55,1997
388,Ilse,Sykora,Male,31997.35,37432.69,United States,27,2015
389,Nicko,Avesque,Female,228277.9,49178.71,United States,23,2013
390,Antonina,Cole,Male,184855.35,54781.76,United States,27,2000
391,Bentley,Fortie,Female,386299.72,56339.67,United States,67,1998
392,Augustina,Britzius,Male,273338.12,75754.92,United States,49,2017
393,Nikolas,Shobbrook,Female,222802.81,90179.78,United States,54,2004
394,Osgood,Skuse,Female,68501.06,61707.63,United States,66,2005
395,Kippy,O'Riordan,Male,335092.6,71897.83,United States,24,2004
396,Grant,Elby,Female,139051.87,39572.35,United States,54,2020
397,Gabi,Yuryaev,Female,103666.43,52042.66,United States,26,1997
398,Phil,Jeggo,Female,282469.14,21615.88,United States,46,2016
399,Kora,Coomes,Male,375248.31,14879.09,United States,66,1996
400,Melicent,Filkov,Male,74536.76,27569.82,United States,67,2015
401,Saunder,Newis,Male,385941.46,70912.79,United States,67,2013
402,Chrissie,Ring,Male,278260.52,50234.88,United States,54,2002
403,Isis,Furley,Male,73970.91,56377.62,United States,51,2019
404,Mitch,Beldan,Male,166666.67,90838.39,United States,31,2018
405,Hannis,Kaspar,Female,110310.43,29067.12,United States,65,1994
406,Gwendolen,Granleese,Male,312450.37,94987.17,United States,42,2009
407,Ian,Jaquet,Male,31454.66,99632.97,United States,67,2018
408,Ignace,Kryzhov,Female,395082.8,95247.09,United States,38,2001
409,Garek,Filippozzi,Male,36935.37,17694.18,United States,42,2002
410,Cody,Selvester,Female,26245.83,92668.76,United Kingdom,66,1993
411,Standford,De Zamudio,Female,182949.37,65170.53,United States,45,1998
412,Chad,Brusby,Female,84743.09,19251.37,United States,40,1995
413,Nye,Bambra,Male,186351.5,49018.0,United States,42,2008
414,Raeann,Vuitte,Male,205813.8,72146.46,United States,42,1997
415,Prisca,Etteridge,Male,256780.66,48375.07,United States,46,1996
416,Adlai,Elgey,Male,343007.0,53348.77,United States,28,2017
417,Nigel,Janew,Female,73407.58,50234.47,United States,49,2005
418,Clementius,Silk,Male,356621.99,49056.22,United States,60,2019
419,Pasquale,Gauld,Male,335142.2,71587.67,United States,37,2009
420,Ikey,Hamlett,Female,150238.28,47458.77,United States,22,2016
421,Ringo,Bearblock,Female,305398.73,83450.61,United States,40,2014
422,Bernardine,Meert,Male,253998.32,31922.99,United States,58,1992
423,Dov,Sabathier,Female,215575.94,14676.84,United States,65,2004
424,Sarette,Jelkes,Male,122559.52,34470.02,United States,55,2020
425,Dickie,Birchett,Female,102550.46,89386.03,United Kingdom,57,2008
426,Martina,Leeves,Female,25483.04,50436.88,Australia,27,2004
427,Danice,Clancey,Female,292132.74,87206.06,United States,42,2011
428,Pall,Negus,Female,13990.6,93517.07,United States,55,2000
429,Hephzibah,Furmagier,Female,47105.15,59063.01,United States,45,1991
430,Elston,Driver,Male,156270.93,38278.47,United States,56,1991
431,Evy,Wagg,Female,51150.53,94559.39,United States,25,2018
432,Nevil,Hoggetts,Female,180807.98,29341.37,United States,18,2015
433,Rey,Gravatt,Male,345721.63,37253.36,United States,59,1999
434,Leigh,Paling,Male,294305.28,33140.52,United States,53,2020
435,Darbee,Carnegie,Female,279095.16,41439.78,United States,59,1995
436,Sallyanne,Mathouse,Female,321102.1,55950.71,United States,42,1992
437,Dore,Bake,Male,129368.49,62820.59,United States,37,2015
438,Selie,Embra,Male,247584.41,62359.89,United States,30,2013
439,Melosa,Tolcharde,Male,342915.12,46034.17,United States,55,1992
440,Demetri,Tapply,Female,221789.67,57162.05,United States,36,1998
441,Anissa,O'Dowling,Male,74723.1,74705.79,United States,56,2000
442,Shandee,Gary,Female,262156.72,11815.17,Australia,49,2002
443,Mickie,Gother,Female,224730.22,50585.56,United States,67,2012
444,Batholomew,Couttes,Male,383341.0,83421.06,United States,51,2006
445,Willyt,Cashmore,Male,163174.3,27598.75,United States,70,1994
446,Elna,Lamperd,Male,193341.47,93578.6,United States,40,2006
447,Tori,Edsall,Male,322823.94,63325.0,United Kingdom,64,2018
448,May,Oldacre,Male,220630.0,16755.16,United States,21,2011
449,Betti,Wall,Male,72696.28,71515.0,United States,54,2006
450,Alene,Mecozzi,Male,293968.46,87680.9,United States,70,2010
451,Starla,Spier,Male,37024.1,82347.16,United States,41,2006
452,Lavinie,Chatters,Male,330741.09,81619.14,United States,58,2012
453,Gussi,Scyone,Female,110597.76,52568.89,United States,26,2006
454,Shanan,Domesday,Male,105082.33,27361.17,United States,67,1994
455,Wes,Oakenfall,Female,198783.93,39091.89,United States,64,2015
456,Ilyse,Larmour,Male,355736.79,67711.96,United States,58,2003
457,Bail,Molineaux,Male,160413.59,75121.09,United States,28,1992
458,Kin,Sawood,Male,245778.53,11713.23,United Kingdom,49,1998
459,Carolina,Rains,Female,31475.17,48920.11,United States,59,2007
460,Megan,Potts,Female,330176.6,82744.85,United States,20,2017
461,Raquel,Breawood,Female,347340.83,92417.52,United States,20,1993
462,Maddalena,Blazdell,Male,304799.76,59693.07,United States,52,2015
463,Hewett,Crankshaw,Female,256834.91,92541.84,United States,42,2003
464,Milka,Stovine,Female,332768.11,20299.9,United States,66,1998
465,Shaylah,Sher,Female,228008.59,11819.59,United States,67,1997
466,Nichole,Rudgley,Female,160738.73,42207.15,United States,29,1990
467,Boonie,Antley,Male,251741.49,99405.9,United States,44,2009
468,Natassia,Garrow,Female,129876.02,77440.61,United States,45,1996
469,Loree,Broadbear,Female,111700.15,20617.56,United States,66,2017
470,Dawna,Scollard,Female,174668.01,96872.41,United States,70,1990
471,Mariellen,Woolfenden,Female,14131.93,29585.39,Australia,55,2012
472,Marguerite,Manvell,Female,219985.21,68739.31,Australia,34,2001
473,Arly,McGhie,Female,60539.08,18418.97,United States,62,2000
474,Chloris,Ceschelli,Male,235018.8,27583.98,United States,59,2011
475,Meagan,Pridie,Female,263889.3,82868.24,United States,31,2007
476,Merola,Hele,Male,247375.8,41080.44,United States,40,2011
477,Josephina,Cabera,Female,233012.08,45213.08,United States,27,2001
478,Kincaid,Hicks,Male,300256.71,12964.47,United States,58,2008
479,Link,Tuddall,Male,97854.57,79566.46,United States,44,1993
480,Claudelle,Volcker,Female,248174.0,79551.26,United States,38,2007
481,Ofilia,Shwenn,Male,206353.33,73183.4,United States,19,2007
482,Timmie,McGowan,Male,49198.43,52607.88,United States,18,1996
483,Ketti,Heaselgrave,Male,106922.09,19657.0,United States,60,2005
484,Udall,Gimblett,Male,253891.29,88647.06,United States,67,2011
485,Cicily,Alywin,Female,393019.57,89363.65,United States,44,1991
486,Forest,Meyrick,Male,163087.36,21107.36,United States,58,2003
487,Garnette,Beaves,Female,314785.48,72822.14,United States,43,2002
488,Verney,Rattery,Male,211185.59,90873.76,Australia,38,2017
489,Jedediah,Brand-Hardy,Female,333447.26,91115.8,United States,56,2001
490,Denys,Balasin,Female,343403.4,91323.0,United States,70,2011
491,Moselle,Clemmow,Female,383537.1,51373.95,United States,39,2002
492,De witt,Hensmans,Female,231307.0,85894.07,United States,20,1991
493,Darrel,Hotton,Male,128797.58,36107.75,United States,39,1991
494,Cyndy,Stoltz,Female,312537.64,62530.34,United States,40,2005
495,Fredrika,Kemmer,Male,73876.89,48461.26,United States,43,2018
496,Ninnette,Dusting,Female,152197.67,29986.67,United States,43,2006
497,Petunia,Pavie,Male,66178.03,85394.84,United States,31,2020
498,Rivy,Knappitt,Male,67644.03,84010.15,United States,30,2014
499,Ninnette,Mayberry,Male,178785.44,78150.21,United States,62,1991
500,Celine,Moulding,Female,232854.34,79028.17,United States,55,2017
501,Vasili,Marzello,Female,230817.67,35285.37,United States,56,1994
502,Valentijn,Goodlife,Female,47663.44,97202.48,United States,55,2016
503,Carly,Emby,Female,280372.58,13063.19,United States,50,2002
504,Camella,Boldock,Female,277935.68,17020.68,United Kingdom,23,1991
505,Sabina,Charlton,Male,17286.32,23813.53,United States,29,1991
506,Dwayne,Orhrt,Male,228238.07,32407.13,United States,29,1990
507,Brannon,Van der Brug,Female,286491.54,87567.23,United States,63,1997
508,Hobard,Sandcroft,Male,254437.99,84288.0,United States,52,2014
509,Wendye,Portlock,Female,329870.17,35187.41,United States,27,2016
510,Pascale,Drust,Female,93493.21,41866.14,United States,66,1998
511,Wendell,Kienzle,Female,316441.31,98123.3,United States,43,2008
512,Fanchon,Langhor,Male,379476.26,25661.12,United States,46,1992
513,Leela,Wilshire,Female,177959.61,92467.37,United States,38,2006
514,Beatrix,Vassano,Male,169187.45,97819.0,United States,43,2016
515,Dasie,Staynes,Male,247262.33,59007.4,United States,21,2016
516,Haslett,Ritchings,Male,232030.14,11631.37,United States,35,2014
517,Olwen,Iddy,Female,114050.85,74393.85,United States,18,2006
518,Lucina,Duncombe,Male,291414.86,31520.95,United States,24,1993
519,Clarine,Shoebrook,Female,261389.9,25259.52,United States,35,2004
520,Jaquelin,Strowan,Female,178975.7,25413.3,Australia,54,1990
521,Agnes,Kuna,Male,222548.71,68909.97,United States,46,2017
522,Kennett,Coggill,Male,14080.12,28878.19,United States,57,2019
523,Golda,Bulman,Female,129191.23,10890.25,United States,43,2011
524,Reynolds,Plenderleith,Female,110570.7,28277.21,United States,34,2009
525,Katrinka,Brecken,Female,141851.08,25739.56,United States,45,2008
526,Roddy,Lyttle,Female,267627.14,92331.19,United Kingdom,35,2014
527,Tristam,Keningham,Female,175372.9,82194.19,United States,47,2012
528,Dorian,Francis,Female,163112.14,28871.97,United States,69,1995
529,Cally,Borrill,Male,269764.78,68234.82,United States,66,2014
530,Lilith,Beinisch,Female,369907.57,31507.97,United States,26,2007
531,Odie,Edgecombe,Female,347473.81,20723.97,United States,20,2014
532,Augustine,Sancias,Male,280584.37,85733.11,United States,20,2020
533,Wernher,Bogart,Female,399160.88,17287.14,United States,49,2013
534,Romonda,Cussins,Male,159719.02,38998.63,United States,18,2016
535,Jamie,Campe,Female,173559.76,12323.72,United States,22,2001
536,Silvana,todor,Female,345309.84,49706.87,United States,33,2007
537,Adriane,Hindes,Male,349412.87,66095.08,United States,25,2012
538,Hasty,Chatterton,Male,63640.67,10090.81,United States,51,2007
539,Will,Maunders,Male,284049.63,98051.07,United States,34,1997
540,Corella,Llewelyn,Female,295706.03,74423.35,United States,31,1993
541,Dody,McMurtyr,Female,323130.44,94561.11,United States,39,2001
542,Wendel,Ledes,Male,135362.62,64371.89,United States,57,2009
543,Chrysler,St Leger,Female,194789.02,73820.89,United States,42,2008
544,Rad,Bradnock,Male,105652.98,46595.51,United States,33,2014
545,Corny,Syphus,Female,165350.67,42500.97,United States,63,2019
546,Kathe,MacTeggart,Male,371738.06,14450.69,United States,68,2000
547,Osgood,Petegrew,Female,361947.01,96699.86,United States,25,2016
548,Priscilla,Wilkenson,Male,221913.99,71556.34,United States,46,2011
549,Sigrid,Van der Mark,Female,282004.94,62851.76,United States,40,2006
550,Eldin,Whatham,Male,142928.04,35356.13,United States,24,2018
551,Stewart,O'Gormley,Male,264510.68,22340.08,United States,18,1991
552,Bella,Greasley,Female,26020.12,67841.47,United States,24,2002
553,Lusa,Cutchie,Male,205970.53,80016.95,United States,44,1996
554,Merlina,Sarton,Male,74962.42,35063.92,United States,61,1998
555,Abby,Ackwood,Male,44329.42,59283.88,United States,68,2006
556,Jarad,Battman,Male,23340.95,64060.85,United States,47,1997
557,Larissa,Leyton,Male,129501.15,18492.36,United States,52,2020
558,Dennison,Cane,Female,245997.93,98572.03,United States,51,2013
559,Cecilius,Macer,Female,398358.0,20051.42,United States,56,2001
560,Alanah,Mathivet,Female,269975.51,64012.72,United States,26,2016
561,Merry,Marking,Female,383498.06,63798.55,United States,70,2006
562,Aksel,De Cleen,Female,218886.44,81007.85,United States,30,1997
563,Frederica,Dirkin,Female,161177.0,29415.52,United States,30,2010
564,Francisco,Hurtic,Female,17345.0,66500.07,United States,60,2003
565,Stanfield,Whewell,Male,132577.9,51138.58,United States,31,2005
566,Dun,Holdin,Female,71644.21,64683.5,United States,20,1995
567,Nikolia,Stainland,Female,41694.54,45214.2,Australia,37,2005
568,Crista,Laying,Female,179271.05,51124.85,United States,39,2009
569,Conn,Paine,Male,282200.8,28691.2,United States,47,2020
570,Corinna,Heinel,Female,60776.6,31108.98,United States,52,2004
571,Nannie,Blaydes,Female,114198.52,95527.63,United States,43,2005
572,Elsbeth,Djurkovic,Female,309931.74,71025.34,United States,54,2010
573,Falkner,Pearne,Male,390393.21,66947.5,United States,54,2003
574,Deane,Blankley,Male,13175.27,68778.51,United States,61,2009
575,Denni,Janoschek,Male,58626.06,17635.88,United States,46,2017
576,Nataniel,Vaggers,Female,120289.32,74378.58,United States,22,2010
577,Penelopa,Lympany,Male,366849.54,48072.4,United States,45,1997
578,Florance,Gauntlett,Male,320846.86,37940.46,United Kingdom,64,2014
579,Minnnie,Hagwood,Female,131306.38,76346.86,United States,66,2016
580,Anastasia,Storre,Male,266646.97,50936.26,United States,36,2016
581,Antony,Cabena,Male,297383.03,70891.46,United States,26,2000
582,Hertha,Fewless,Male,154352.73,56862.22,United States,48,2015
583,Charin,Eberle,Male,361069.8,91157.51,United States,58,2008
584,Quinta,Gratrex,Female,289919.59,20430.12,United States,60,2012
585,Tracy,Doeg,Male,113556.58,44399.5,United States,51,2012
586,Kirsteni,McSperrin,Male,123465.83,49543.38,United States,67,2009
587,Pollyanna,Heasly,Female,68606.87,15949.45,United States,19,2007
588,Bobine,de Quesne,Male,70584.76,36884.25,United States,68,2019
589,Heather,Gauntlett,Female,367004.92,19656.26,United States,20,2006
590,Eustace,Hanbridge,Male,38451.8,35118.25,United States,30,2018
591,Tomaso,Coarser,Female,145777.52,43090.88,United States,37,2007
592,Mace,Stearn,Male,32083.83,63445.35,United States,54,2007
593,Brooks,Yukhov,Female,373638.96,39817.77,United States,68,2017
594,Adara,Courson,Male,397413.77,16630.06,United States,32,1999
595,Errick,Meindl,Male,210593.59,84009.97,United States,26,2016
596,Susannah,Gwyer,Male,119616.06,13734.09,United States,62,2004
597,Emmaline,Giorio,Female,382569.4,69167.84,United States,53,2004
598,Wally,Brockman,Male,66681.69,49575.05,United States,42,2006
599,Christine,Treske,Male,97028.16,77362.38,United States,39,1994
600,Emmalyn,Jaulmes,Male,393666.66,99722.92,United States,43,2008
601,Antonietta,Lawleff,Female,51477.01,14882.52,United States,49,1993
602,Loralee,Schroter,Male,212347.8,54373.45,United States,19,2003
603,Iris,Gilderoy,Female,217031.89,53518.44,United States,68,1991
604,Stefanie,Edworthie,Female,187541.27,14694.82,United States,50,2011
605,Free,Lineker,Female,210580.06,74131.1,United States,40,2000
606,Stanford,Storck,Female,329761.52,81587.4,United States,56,2014
607,Mina,Treamayne,Female,281620.22,11557.34,United States,70,1999
608,Theobald,MacRirie,Male,246286.53,50035.58,United States,52,2007
609,Terri-jo,Boorn,Female,217684.3,66311.16,United States,45,1995
610,Sharity,Follitt,Female,204021.38,76723.15,United States,31,1995
611,Maddy,Brookfield,Male,231561.99,25883.57,United States,22,2015
612,Danie,Armstrong,Male,12549.24,91276.09,United States,33,2004
613,Earvin,Burchard,Female,380144.32,25169.15,United Kingdom,37,2013
614,Rob,Buddington,Male,270716.22,73694.09,United States,27,1999
615,Kissie,Jaume,Male,37590.92,42269.17,United States,44,1990
616,Lezlie,Schult,Male,388113.34,14386.78,United States,34,2008
617,Ceil,Bediss,Male,77067.41,50335.25,United States,34,2008
618,Daniele,Troker,Male,11928.66,32606.23,United States,62,2005
619,Jerry,Norsworthy,Female,366108.85,82188.39,United States,19,2004
620,Padraic,Glacken,Female,307031.77,95628.16,United States,18,1990
621,Natty,Tarbin,Female,104768.2,25667.76,United States,58,1990
622,Devina,Pfaff,Male,33888.49,10861.49,United States,38,2003
623,Melisa,Drinkel,Female,201601.38,31800.03,Australia,40,1995
624,Jammal,Jellyman,Male,92217.08,47807.2,United States,66,2000
625,Ulick,Haseldine,Male,69472.81,61109.9,United States,33,1999
626,Avictor,Firmager,Male,347065.45,73760.48,United States,28,1993
627,Ferne,Longbothom,Female,36920.41,64929.38,Australia,47,2018
628,Werner,Saice,Female,319234.42,75218.91,United States,24,2000
629,Charin,Checchi,Male,368506.98,15423.03,United States,27,2002
630,Moritz,Oulner,Female,60499.19,44236.18,United States,26,1992
631,Gusti,Benfell,Male,82604.83,59403.14,United States,50,2019
632,Paige,Diche,Male,16861.72,83510.38,United States,30,1996
633,Ade,Rameau,Male,109312.31,77180.31,United Kingdom,39,2015
634,Cam,Whittington,Male,281377.43,63757.15,United States,60,1991
635,Janek,Winspeare,Male,35406.16,24578.59,United States,30,1998
636,Leandra,Smogur,Female,12943.59,71764.04,United States,27,2000
637,Jacquenette,Weare,Female,338895.0,34856.87,United States,53,1991
638,Lia,Biddiss,Female,33297.29,98548.16,United States,40,2012
639,Valli,Qusklay,Male,93641.19,61239.76,United States,39,1992
640,Harriott,Lamers,Male,336713.94,76455.09,United States,32,1993
641,Rozina,Staggs,Male,102327.34,26863.5,United States,24,2014
642,Erica,Spybey,Male,119476.58,23397.69,United States,56,2006
643,Baudoin,Kleinplatz,Female,179570.0,79902.77,United States,38,1993
644,Shari,Coyle,Male,323248.56,29469.3,United States,33,2006
645,Howey,Creamen,Male,331694.56,71281.02,United States,67,1996
646,Norby,Wolsey,Female,103690.81,12622.39,United States,23,2014
647,Cristy,Yonge,Male,226388.73,47091.54,United States,47,1998
648,Lesli,Forsdike,Male,215232.77,16100.47,United Kingdom,26,2002
649,Erny,Baudesson,Male,213961.66,44713.15,Australia,49,2001
650,Billie,Scholler,Male,320567.04,27292.28,United States,53,2007
651,Therese,MacIlriach,Male,390523.46,67448.67,United States,69,1990
652,Leyla,Gimber,Male,291502.38,18864.49,United States,21,2013
653,Ansel,Rae,Male,200764.5,72893.53,United States,47,2005
654,Leif,Litchfield,Female,111371.39,73662.49,United States,31,2014
655,Kristen,Najafian,Male,385357.01,37793.65,United States,47,1996
656,Lynda,Dealey,Female,361483.01,13939.67,United States,54,2013
657,Rochella,Myles,Female,129981.06,69009.5,United Kingdom,50,1990
658,Aguste,Bum,Female,77209.44,16802.33,United States,28,1994
659,Claudia,Jeyness,Female,69178.06,20685.81,United States,33,2010
660,Nathaniel,Smails,Male,36045.35,84844.75,United States,18,1990
661,Ransom,Brosnan,Male,391746.47,69220.98,United States,19,2016
662,Marin,Ishchenko,Female,226243.01,17801.08,United States,70,2014
663,Korney,Mantle,Female,111526.47,72070.82,United States,53,2017
664,Sharona,Bissell,Female,306070.88,21116.97,United States,47,1990
665,Hilly,Sambell,Male,190182.39,84153.46,United States,38,2000
666,Giulia,Stiegars,Male,335461.03,73221.39,United States,42,2013
667,Burr,Surgeon,Male,236413.82,64628.45,United States,63,1992
668,Clemmie,Walklott,Male,203078.77,21115.99,United States,45,2000
669,Latrena,Fison,Male,86516.12,83320.96,United States,31,2014
670,Ches,Lowdwell,Male,379765.88,55873.89,United States,67,1998
671,Siobhan,Richter,Female,330806.15,78672.41,United States,38,1999
672,Blair,Aire,Female,179340.8,33724.42,United States,69,2019
673,Megen,Breen,Male,293109.99,12858.0,United States,21,2001
674,Saba,Holt,Female,152564.66,31662.73,United States,50,2004
675,Rochell,Gerrelts,Male,70706.59,86505.67,United Kingdom,35,1996
676,Jeremy,O'Cosgra,Male,288705.0,89825.75,United States,26,2013
677,Kasey,Burnand,Male,366515.73,70701.0,United States,44,1997
678,Darrell,Littlemore,Male,385904.52,25041.65,United States,48,1995
679,Gawen,Dellenbrok,Male,82932.69,75549.05,United States,18,2019
680,Burg,Fair,Female,114854.12,28701.11,United States,69,2008
681,Any,Hugin,Female,292738.72,34782.99,United States,25,2016
682,Olympe,Wartnaby,Female,29353.08,76261.94,United States,20,2006
683,Ephrayim,McCay,Female,249014.85,27867.11,United States,33,2017
684,Valida,Thompson,Female,217532.89,43850.83,United States,40,2010
685,Celestyna,Sitch,Female,85744.46,60182.95,United States,22,2001
686,Felipa,Alfonsetti,Male,327586.45,13835.72,United States,53,2015
687,Ruth,Cannon,Male,31532.44,28231.86,United States,22,2002
688,Alix,Nesbeth,Male,371609.98,77497.32,United States,43,2009
689,Randy,Diaper,Female,345496.63,29643.98,United Kingdom,42,1998
690,Valaria,Pedycan,Female,233211.15,86646.75,United States,33,1996
691,Arin,Duffy,Female,142434.03,11516.95,United States,67,2016
692,Clovis,Sterrick,Female,376333.12,43174.39,United Kingdom,54,2013
693,Evangeline,Dufoure,Female,218449.83,82271.3,United States,43,1995
694,Colet,Christensen,Male,173913.17,60831.82,United States,67,2013
695,Billy,Caskie,Male,74215.73,57580.14,United States,34,2006
696,Gwyneth,Redferne,Male,34516.87,52657.08,United States,18,2001
697,Joelle,Wem,Female,233673.42,81290.92,United States,38,2019
698,Nehemiah,Edowes,Female,134665.14,30498.64,United States,25,2008
699,Price,Mithon,Male,301368.36,10971.51,United States,44,2014
700,Kacey,Mitchell,Female,97015.84,13722.19,United States,40,2002
701,Vin,Kochl,Female,86694.51,41144.06,United States,39,2002
702,Frans,Demeter,Male,48805.77,86158.17,United States,49,2003
703,Helenka,Oblein,Female,155651.16,15079.9,United Kingdom,53,2001
704,Selie,Evreux,Female,298923.36,58499.72,United States,69,2019
705,Thaine,Thaw,Female,251035.15,95784.8,United States,58,2015
706,Juan,Gonzalvo,Male,182721.23,49264.34,United States,54,2006
707,Liva,Choak,Female,64289.84,34671.82,United States,54,2019
708,Tricia,Lyman,Male,257878.07,37035.9,United States,56,1991
709,Pansy,Menichini,Female,45670.73,63356.7,United States,29,2009
710,Ruthie,O' Clovan,Male,116600.49,57458.55,United States,66,1990
711,Kathryne,Ascough,Female,326971.01,87081.95,United States,28,2012
712,Norri,Mordy,Female,19895.2,33022.0,United States,29,1999
713,Misti,Keenlyside,Female,135609.38,46533.44,United Kingdom,18,2008
714,Engracia,Ten Broek,Male,110754.42,96502.69,Australia,29,2017
715,Corbet,Neads,Female,343584.94,20472.18,United Kingdom,18,1999
716,Vinni,Byham,Female,280866.2,68660.71,United States,50,2003
717,Jaquith,Clendinning,Female,68226.73,65417.38,United States,47,2007
718,Hasty,Vinick,Male,93653.65,49441.54,United States,36,2008
719,Danette,Chapleo,Male,338086.91,84551.69,United Kingdom,62,2003
720,Elliott,Gocher,Male,391788.79,86487.79,United States,45,2017
721,Sally,Bour,Male,92549.95,54088.66,United States,48,2010
722,Roddie,Benjafield,Female,151630.93,66912.07,United States,63,2012
723,Matilde,Jaan,Female,195588.37,50561.88,United States,26,2008
724,Annaliese,Luisetti,Female,313117.67,60194.94,Australia,28,2018
725,Othello,Shewry,Male,245476.45,20574.34,United States,61,1991
726,Johannah,Lethem,Male,360483.76,17727.57,United States,53,2018
727,Ikey,McPhate,Male,99679.64,50373.99,United States,21,1997
728,Jori,Olliver,Female,233871.29,56114.2,United States,55,1991
729,Jillian,Fenn,Female,288014.0,51967.0,United States,59,1997
730,Maddie,Petrowsky,Male,318581.14,93999.09,United States,35,1995
731,Roarke,Caney,Male,291769.94,13591.52,United States,32,2019
732,Ulrich,Battell,Male,398809.06,13011.86,United Kingdom,57,1992
733,Goldi,Bains,Female,51540.47,15122.6,United States,66,2017
734,Bess,Normington,Male,316493.59,94363.87,United States,43,2000
735,Frankie,Kenafaque,Female,179123.94,38623.85,United Kingdom,38,1993
736,Molli,Cranstoun,Male,249337.53,64174.57,United States,58,2020
737,Bram,Bullock,Female,272897.95,46392.38,United States,66,2019
738,Moritz,Oldcroft,Male,162645.9,81450.07,United States,26,1992
739,Chiarra,Rive,Female,236779.54,58264.63,United States,57,2016
740,Alisun,Selesnick,Male,284220.89,20335.96,United States,52,2011
741,Alfons,Ovill,Male,153565.58,19547.49,United States,54,2010
742,Ahmad,Wingatt,Female,152854.85,92174.95,United States,65,2002
743,Karel,Estcourt,Male,89860.83,26087.77,United States,39,1999
744,Templeton,Beric,Male,375727.93,33606.41,United States,41,1995
745,Jasun,Wavell,Male,195453.62,12452.78,United States,34,2012
746,Paule,Capon,Male,62914.12,50835.95,United States,35,2018
747,Elora,Gammidge,Female,383483.81,98050.55,United States,41,2002
748,Walden,Labat,Male,51689.7,68897.37,United States,21,1997
749,Darice,Ebden,Male,216896.66,15492.82,United States,28,2014
750,Karena,Lumox,Male,395998.95,17298.91,United States,49,1990
751,Kathryne,Bailey,Male,220800.24,55487.98,United States,63,2015
752,Gwenny,Grinikhin,Male,341547.24,43890.38,United States,60,2020
753,Emelyne,Blunt,Male,364321.46,38309.63,United States,45,1990
754,Marchelle,Garn,Female,180778.04,71056.31,United States,45,2009
755,Ring,Rizzelli,Female,66848.45,50366.38,United States,69,2011
756,Fernandina,Maleck,Male,133597.33,65031.99,United States,66,2001
757,Jecho,Jutson,Female,367331.85,86772.77,United States,21,2011
758,Ezri,Sawer,Female,57631.52,79019.14,United States,65,1990
759,Sandye,Comben,Male,136448.03,56587.52,United States,57,2002
760,Christalle,Matura,Female,345901.6,23732.05,United States,59,2000
761,Maribelle,Povele,Female,358566.84,91666.98,United States,25,2015
762,Dugald,Libbis,Female,67460.46,78795.78,United States,37,1998
763,Jarid,Kernermann,Female,237529.19,61050.87,United States,54,2005
764,Stepha,Frayn,Male,228224.33,57762.97,United States,54,2015
765,Stan,Cheson,Female,61401.25,67654.72,United States,30,2014
766,Jana,Skilton,Male,154406.0,61377.59,United States,58,1993
767,Selene,Gurley,Female,164591.88,98542.31,United States,45,2001
768,Amble,Olenichev,Female,153444.91,30289.69,United States,33,1998
769,Norene,Crohan,Female,220953.62,99725.02,United States,29,2018
770,Claudia,Klemke,Male,284574.79,29080.36,United States,19,1991
771,Kristina,Fitton,Male,136238.49,95669.42,United States,18,2012
772,Dilan,Lafontaine,Male,351979.45,93476.21,United States,27,1995
773,Aggie,Friary,Female,296712.79,84584.0,United States,26,2011
774,Lyndsey,Ambrogioni,Male,90134.22,39167.27,United States,58,2020
775,Brett,Kuhle,Female,246618.91,57802.91,United States,19,2005
776,Franklyn,Strelitz,Male,129667.0,47338.81,United States,25,2010
777,Philippa,Mustin,Male,315576.99,54897.27,United Kingdom,23,1990
778,Marja,Greveson,Female,179683.38,51153.48,United States,43,2003
779,Heall,Boissieux,Female,13110.23,33983.33,United States,18,2011
780,Emili,Rigler,Male,82713.49,64700.58,United States,55,2011
781,Tabbitha,Brent,Male,52750.25,42467.21,United States,29,1998
782,Moshe,Ballentime,Female,264484.72,87256.04,United States,66,2013
783,Oona,Eggers,Female,345089.89,35161.99,United States,43,1996
784,Catie,Faughnan,Male,291071.23,50785.65,United States,29,1995
785,Giles,Errichelli,Male,396487.32,45215.33,United States,43,2004
786,Dulcie,Vaen,Male,14007.38,95332.87,Australia,20,2012
787,Kerk,Lavalde,Male,385380.38,89737.93,United States,40,2005
788,Gonzalo,Danilovitch,Male,341242.34,26914.77,United States,33,2010
789,Kelwin,Codi,Male,323863.14,50563.06,United States,37,2011
790,Candi,Naisbitt,Male,305280.83,78235.73,United States,53,2014
791,Skipton,Acklands,Female,119273.71,26245.89,United States,36,1996
792,Claire,Golightly,Male,42585.23,97100.51,United States,35,2018
793,Chloris,Lockton,Male,79582.44,58772.88,United States,20,2020
794,Leonidas,Skirving,Male,301990.39,77329.27,United States,51,1998
795,Bobette,Castaneda,Male,36584.66,17462.33,United States,69,2020
796,Worden,McClean,Female,170803.14,18416.42,United Kingdom,54,1999
797,Francesca,Angliss,Male,342730.71,18307.26,United Kingdom,64,2008
798,Alexandrina,Limmer,Female,374348.78,25568.57,United States,39,2001
799,Gordon,Uphill,Male,116478.13,96936.1,United States,61,2000
800,Ted,Ivakhnov,Female,194746.1,15844.08,United States,22,1990
801,Kelby,Caught,Male,354392.1,38422.08,United States,26,1993
802,Fraser,Twelves,Female,264106.78,73932.53,United States,63,2020
803,Lou,Pearle,Female,346704.96,40915.88,United States,53,2001
804,Alta,Fishley,Male,273397.37,85050.11,United States,64,1991
805,Anson,Arrow,Female,119341.63,98035.21,United States,20,2008
806,Tamarra,Pettett,Female,76263.04,29647.66,United States,36,2007
807,Gertrud,Fayer,Male,303978.51,66248.43,United States,57,1992
808,Harri,McClymont,Female,237786.07,83220.72,United States,31,2005
809,Hayley,Sparway,Female,102847.62,41606.09,United States,42,2011
810,Evania,Jumeau,Female,122778.39,81601.7,United Kingdom,37,2018
811,Jesus,Jeannet,Male,302832.41,92036.23,United States,19,2007
812,Tansy,Brame,Male,211428.71,43057.61,Australia,26,2011
813,Ardine,Sockell,Male,236701.09,91899.77,United States,66,1999
814,Correna,Woolcocks,Female,117820.85,70055.02,United States,34,2005
815,Ottilie,Loalday,Female,389422.27,87755.14,United States,57,2011
816,Ellary,Zecchetti,Female,359893.03,20782.15,United States,40,2018
817,Arabella,Coom,Male,41709.78,23297.0,United States,64,1996
818,Bjorn,Chessill,Male,173447.08,12443.14,United States,28,2003
819,Sheridan,Beals,Female,24704.35,99142.71,United States,59,2002
820,Richy,Barles,Female,95089.7,34263.99,United States,23,2004
821,Nanete,Kiernan,Male,119435.16,78932.05,United States,65,2006
822,Kacey,Dominiak,Female,59263.58,73647.36,United States,67,2014
823,Micheil,Praill,Female,25182.3,99650.37,United States,26,1997
824,Mindy,Shercliff,Male,257368.58,48488.81,United States,46,2017
825,Gwendolin,Bebb,Female,253196.39,54695.99,United States,26,1990
826,Marcella,Philippsohn,Female,227070.82,71788.81,United States,36,2009
827,Yance,Bisson,Male,349172.53,68602.16,United States,48,2001
828,Pail,Spare,Female,46150.79,18220.75,United States,34,2020
829,Judie,O'Hartnett,Male,353518.7,28186.25,United States,31,2015
830,Jilleen,Choke,Male,106935.67,40613.3,United States,21,1998
831,Jerrylee,Janisson,Female,73666.57,83214.35,United Kingdom,48,2002
832,Lucila,Kryzhov,Female,256901.07,44697.47,Australia,57,2018
833,Branden,Bernardon,Female,117522.19,91141.88,United States,38,2007
834,Vikky,Annell,Female,166771.83,57488.13,Australia,51,1994
835,Vale,Mont,Female,231790.22,50768.95,United States,69,2019
836,Morgan,Handover,Male,207634.08,88061.66,United States,61,2003
837,Palmer,Nuttey,Female,15519.77,35875.01,United States,27,2011
838,Amargo,Sheering,Female,281099.52,25302.3,United States,67,1992
839,Bianca,Duncklee,Female,182558.05,47733.78,United Kingdom,58,1995
840,Selby,Ruddin,Female,354747.22,45860.6,United States,41,2002
841,Shane,Fernando,Male,165539.47,65495.76,United States,63,2013
842,Tiphanie,Slegg,Female,252507.0,99212.53,United States,38,2006
843,Neila,Frobisher,Male,161129.37,17941.56,United States,36,1990
844,Spencer,Gommowe,Female,94364.96,27946.23,United States,38,1994
845,Briant,Pyrah,Male,262012.38,76442.05,United States,26,2019
846,Willa,Faull,Male,280642.54,62984.71,United States,34,2015
847,Arnuad,Pinch,Male,231770.81,80551.08,United States,40,2017
848,Gayler,Pahler,Female,180404.92,93532.87,United States,20,2016
849,Annis,Easen,Male,137482.32,52839.63,United States,28,1996
850,Nydia,Styant,Male,287031.59,30119.54,United States,54,1990
851,Edlin,Redmille,Female,277741.55,56540.11,United States,35,2007
852,Rayshell,Di Maggio,Male,97740.5,95617.36,United States,33,1990
853,Holly,Eilers,Male,18687.59,75267.34,United States,54,2003
854,Madelin,McDuffie,Female,342744.0,36228.34,United States,42,1990
855,Waverly,Witt,Female,124723.69,94242.71,United States,47,1997
856,Ermengarde,Newling,Female,206780.07,61614.08,United States,27,1995
857,Chariot,Dymott,Male,264274.94,26171.35,United States,26,2000
858,Brice,Jumonet,Male,311385.67,77623.84,United States,68,2006
859,Lorry,Juares,Female,57352.8,97978.33,United States,62,1990
860,Marleen,Zannolli,Male,60288.52,88983.54,United States,19,1994
861,Dory,Dayce,Male,340542.21,85952.18,United States,29,2017
862,Charles,Kenewel,Male,47531.63,64874.66,United States,21,1995
863,Tildi,Wilkie,Male,64176.8,18864.03,Australia,34,2010
864,Witty,Chilley,Female,298099.68,10811.8,United States,31,2014
865,Dario,Willis,Male,14029.81,15183.11,United States,30,2000
866,Minetta,Pleven,Male,98458.95,64493.65,United States,19,2012
867,Basile,Sandbrook,Male,177473.61,83471.47,United States,35,2012
868,Julian,Tremathick,Female,396007.81,16286.65,United Kingdom,34,2014
869,Nil,Filchakov,Female,85373.58,97551.01,United States,24,1993
870,Lorrie,Dann,Male,161926.94,23084.0,United States,30,2003
871,Hamish,Jessope,Male,112452.69,66341.36,United States,66,2019
872,Demott,Larderot,Male,376872.75,76668.97,United States,67,2003
873,Jermaine,Harvett,Female,359340.53,52374.3,United States,36,2002
874,Jakie,Keat,Male,299261.23,35640.46,United States,20,2010
875,Rhoda,Mattiacci,Male,316466.99,77288.97,United States,33,1990
876,Morten,Cochrane,Female,310716.42,64665.95,United Kingdom,34,2011
877,Bridgette,Wilder,Male,275568.44,77647.46,United States,31,1999
878,Lief,Videler,Female,213823.87,77785.12,United States,66,1999
879,Evan,Wittrington,Male,27545.21,31282.58,United States,31,2000
880,Don,Inkpin,Female,359756.91,26695.75,United States,20,1991
881,Caitlin,Chin,Male,311805.65,87571.74,United States,53,1993
882,Jemima,Cleeve,Female,104671.59,32231.96,United States,19,1995
883,Cheryl,Pittock,Male,217792.96,25326.37,United Kingdom,40,2019
884,Trueman,Lightwood,Male,199384.2,85479.9,United States,19,1990
885,Estevan,Jest,Male,37044.09,22281.43,United States,42,1990
886,Caria,Lilleycrop,Male,108383.59,17711.39,United States,27,2019
887,Oby,Rampling,Female,83513.92,31254.69,United Kingdom,25,2020
888,Archer,Drewitt,Male,110676.36,73494.16,United States,53,1991
889,Raye,Cheverton,Female,394281.44,86618.0,United States,65,2001
890,Marcelia,Hallwell,Male,355780.36,38300.14,United States,59,1990
891,Marget,Thurlow,Male,96871.44,17242.74,United States,69,1991
892,Scottie,Rodrigues,Male,332940.28,32007.66,United States,69,2010
893,Ganny,Bootyman,Female,367538.12,11412.43,United States,34,2001
894,Ros,Smickle,Female,356038.89,56610.56,United States,69,2002
895,Angelo,Moses,Female,254575.71,56623.73,United States,57,2015
896,Aubry,Colcutt,Female,206567.35,62262.17,United States,33,1999
897,Lyssa,Filewood,Female,289986.15,49469.47,United States,66,2010
898,Amitie,O'Fielly,Female,351384.69,91667.85,United States,21,2015
899,Zaneta,Cunningham,Female,159957.6,20558.78,United States,66,1999
900,Bella,Titherington,Male,222997.0,17241.51,United States,24,1998
901,Kira,Brownrigg,Male,107845.98,70349.23,Australia,49,2015
902,Fritz,Gartell,Male,311984.1,87227.63,United States,49,1995
903,Ricca,Durrell,Female,137857.37,68900.05,United States,49,1998
904,Izabel,Glastonbury,Female,273549.25,86588.32,United States,55,2009
905,Gard,Layman,Female,149052.63,61453.58,United States,56,2016
906,Briano,Paddell,Female,14113.74,61864.73,United States,67,1998
907,Sigvard,Flaherty,Male,394558.08,61109.58,United States,30,2012
908,Augustus,Romaynes,Male,64590.04,40817.16,United States,61,2009
909,Verene,Dursley,Male,377990.41,63135.36,United States,20,2016
910,Gilles,Siddaley,Female,309224.05,51974.19,United States,38,2003
911,Ricki,Hawkswell,Male,340448.87,71812.75,United States,46,1990
912,Reinald,Aitchison,Male,166786.82,65658.11,United States,19,1994
913,Charlene,Munton,Male,264937.91,79142.78,United States,42,2005
914,Ugo,Cannaway,Male,355727.95,87398.49,United States,64,2013
915,Brianne,Filintsev,Male,138833.91,42975.21,United States,47,2002
916,Olia,Garfath,Female,58037.2,23161.1,United States,60,2002
917,Broderic,Windress,Female,222181.0,86180.31,United States,45,2017
918,Cilka,Feye,Male,312647.92,60188.51,United States,37,2006
919,Jeff,Kemmer,Female,14205.28,34045.69,United Kingdom,47,2008
920,Zacherie,Bontein,Female,377975.2,31202.36,United States,18,2018
921,Beck,Courtese,Male,264337.63,74582.5,United States,43,2008
922,Joela,Lacase,Female,279361.18,14886.02,United States,24,2001
923,Colet,Ambroisin,Female,45140.51,38571.98,United States,41,2002
924,Katherina,Hammel,Male,206749.53,85756.27,United States,33,1995
925,Ingunna,Chasemoore,Male,113568.15,95621.22,Australia,45,1990
926,Miguel,Slowgrave,Female,196815.34,20257.41,United States,34,1996
927,Lelia,Frontczak,Male,391467.71,96948.42,United States,49,2005
928,Kermie,Burgiss,Female,247471.87,19216.8,United States,51,2016
929,Keriann,Questier,Female,226904.28,86652.63,United States,68,2020
930,Dov,Babidge,Male,161119.04,54358.19,United States,50,2020
931,Biddy,Gatcliff,Female,62040.04,66117.0,United States,60,2020
932,Ezmeralda,Tellett,Male,14478.03,93660.6,United States,49,2015
933,Joelie,Babbage,Male,121179.95,20587.4,United States,50,2014
934,Cristy,Janiszewski,Female,69416.76,25915.67,United States,24,2002
935,Krysta,Evennett,Female,251740.28,40380.74,United States,18,1995
936,Alexandre,Barts,Female,91470.42,79459.21,United States,53,2005
937,Marisa,Skull,Female,291611.41,85285.57,United States,33,2009
938,Melita,Skehan,Male,340893.58,14308.75,United States,67,2007
939,Claire,Fenech,Female,63482.3,47721.68,United States,52,2006
940,Pamela,Toovey,Female,80267.31,98485.03,United States,63,1995
941,Durand,Osipov,Female,334207.61,44271.67,United Kingdom,38,2008
942,Emmanuel,Syseland,Male,287871.45,54973.55,United States,35,1996
943,Johnathon,Stoke,Female,362136.56,34321.62,Australia,56,2016
944,Giacobo,Bromilow,Male,244371.54,24996.79,United States,42,2003
945,Emlynn,Woolvett,Male,229689.36,51540.24,United States,26,2013
946,Sonnie,Oehm,Male,171435.25,73819.21,United States,39,2003
947,Elise,Feathers,Male,236998.02,93441.82,United States,33,2019
948,Reena,Manton,Male,210495.57,19100.02,United States,44,2005
949,Guglielmo,Baudichon,Female,11617.71,75481.37,United States,66,1991
950,Guillema,Stewartson,Male,190140.28,96341.41,Australia,46,2013
951,Orelee,Cowup,Female,195200.45,77055.74,United States,36,1997
952,Hershel,Packington,Male,61155.2,99443.26,United Kingdom,28,1994
953,Feliks,Sansome,Female,336342.51,45683.69,United States,50,2020
954,Essy,Dallyn,Female,87435.52,62943.15,United States,24,2003
955,Janek,Spraging,Male,65246.53,24973.23,United States,55,2012
956,Prudy,Mulligan,Female,375413.56,14754.32,United States,52,1999
957,Alix,Etchingham,Female,377042.43,95565.36,United States,28,2012
958,Nedi,Cleland,Male,333041.38,91571.11,United States,38,2008
959,Colette,Ruddlesden,Male,95336.27,21760.26,United States,64,2002
960,Faina,Swinburne,Male,328986.6,55362.67,United States,34,2010
961,Georg,Dunning,Male,324169.88,31098.97,United States,36,2020
962,Tiffanie,Adlam,Female,74449.21,90425.04,United States,50,2014
963,Rhody,Brotherheed,Male,392091.51,70007.12,United States,46,2001
964,Nicko,Endersby,Female,181451.0,28066.96,United States,57,2009
965,Janaya,Benns,Male,301210.4,92180.46,United States,49,1995
966,Harry,Redhole,Female,10802.21,65935.99,Australia,40,2007
967,Imogen,Cornell,Male,319236.84,12248.86,United States,28,2020
968,Bunny,Scarlett,Male,227078.78,69695.89,United States,51,2006
969,Cynthea,Howe,Female,170712.1,36037.74,United States,69,2017
970,Decca,Mayzes,Female,196742.57,62781.08,United States,69,2002
971,Megan,Kibbye,Male,306920.24,94791.57,United States,31,2015
972,Chicky,Gaitung,Female,321624.65,89325.24,United States,57,2011
973,Josiah,Mazzia,Male,282136.3,45123.28,United States,46,1995
974,Ross,Corona,Male,363883.37,72872.66,Australia,59,2001
975,Tedda,Treuge,Male,16340.25,82310.88,United States,38,2018
976,Hoyt,Lote,Male,139495.22,28918.52,United States,43,1992
977,Gypsy,Classen,Female,352431.26,92300.11,United States,45,2009
978,Raye,Youngs,Female,24878.33,85917.71,United States,24,1998
979,Bartholemy,Ivasechko,Female,122610.37,90618.56,Australia,26,2014
980,Donnie,Cleverley,Female,123997.6,48981.22,United States,63,1994
981,Purcell,Windley,Female,202030.68,19033.46,United States,64,2012
982,Bernhard,Nuzzi,Male,117615.75,35655.78,United States,61,2016
983,Abbie,Mackerel,Female,84616.81,51617.35,United States,21,2012
984,Viole,Southcomb,Male,29976.28,49854.29,United States,47,2016
985,Cele,Stellman,Male,168526.26,67200.44,United States,22,1996
986,Evelyn,Rome,Male,37613.16,30914.55,United States,59,1998
987,Kimmie,Bellhanger,Female,206253.56,81798.22,United States,38,1997
988,Carmen,Botwood,Male,130004.29,26768.63,United States,70,2012
989,Pembroke,Celier,Male,186297.91,75851.19,United States,50,2007
990,Evangelina,Wickson,Male,192779.85,76840.48,United States,30,1990
991,Brody,Farrar,Female,299872.61,38504.74,United States,31,2015
992,Padget,Simoncelli,Female,326814.98,88878.54,United States,23,1996
993,Sawyere,Marjanski,Female,159948.75,85897.74,United States,47,2011
994,Shalne,Ronci,Male,257918.21,19637.7,Australia,60,2008
995,Aubrey,Zammett,Male,24767.88,61838.37,United States,52,1998
996,Arlinda,Laible,Female,372156.46,97113.62,United States,61,1991
997,Ximenez,Botwright,Female,263885.51,18104.89,United States,31,1999
998,Juline,Megroff,Male,326942.52,73480.28,United States,41,2002
999,Dona,Stennes,Female,318972.28,90763.94,United States,43,1990
1000,Harriette,Bukowski,Male,149132.7,18225.93,United States,48,2001
